email,status,groups,subscribed_at
aevans@techcorp.com,active,product-news;beta-testers;webinar-attendees,2024-05-22 16:06:47
aiden.wright@streamline.io,active,newsletter,2024-01-23 01:39:41
aidenjones@hotmail.com,bounced,webinar-attendees;newsletter,2024-05-03 13:22:35
alice.collins@hotmail.com,active,webinar-attendees;blog-updates;newsletter,2024-09-04 22:15:03
alice.white75@fusionworks.com,active,beta-testers,2024-05-06 03:15:35
aliceclark@bluewave.tech,unsubscribed,product-news;beta-testers;blog-updates,2024-06-04 08:00:23
alicehernandez@yahoo.com,active,product-news;webinar-attendees,2025-01-22 21:31:13
alicenelson@pixelcraft.design,unsubscribed,beta-testers;webinar-attendees,2024-09-12 02:06:11
bdavis@icloud.com,active,webinar-attendees,2024-04-01 09:05:24
bella.davis76@icloud.com,bounced,webinar-attendees,2024-03-20 15:08:10
bella.stewart90@hotmail.com,unsubscribed,beta-testers,2024-11-27 05:14:56
bella.stewart@hotmail.com,active,blog-updates,2025-04-26 15:51:06
bob.taylor95@yahoo.com,active,beta-testers,2024-02-02 18:55:32
caleb.davis90@hotmail.com,active,beta-testers,2024-07-17 16:05:39
caleb.lee@icloud.com,active,newsletter;product-news;beta-testers,2025-03-26 20:02:29
calebbrown@outlook.com,active,product-news;webinar-attendees,2025-01-17 14:08:17
canderson@acme.io,active,beta-testers,2024-12-31 15:15:05
carol.edwards@gmail.com,active,newsletter,2024-09-13 10:36:39
dan.adams@yahoo.com,active,beta-testers,2024-01-03 23:40:18
dan.green@greenleaf.org,active,product-news;webinar-attendees;newsletter,2024-07-21 16:09:33
dan.jackson11@techcorp.com,active,blog-updates;webinar-attendees;newsletter,2024-01-18 18:42:03
dan.thomas97@protonmail.com,unsubscribed,blog-updates;newsletter,2024-11-05 12:09:29
dan.wright@hotmail.com,active,product-news,2024-01-06 18:19:24
ddavis@dataflow.dev,active,beta-testers;blog-updates,2024-06-23 08:19:26
dflores@protonmail.com,active,product-news;beta-testers,2024-02-13 04:40:57
diana.allen25@fusionworks.com,active,webinar-attendees;beta-testers,2025-03-18 21:36:22
diana.jackson@techcorp.com,active,beta-testers;blog-updates,2025-03-18 20:19:00
diana.parker@hotmail.com,active,webinar-attendees;product-news;beta-testers,2025-03-13 08:33:55
diana.robinson90@ironclad.dev,active,blog-updates;webinar-attendees;beta-testers,2025-02-05 11:40:10
diana.wilson4@pixelcraft.design,unsubscribed,newsletter;blog-updates;beta-testers,2024-12-27 11:08:36
diana.wright66@yahoo.com,active,product-news,2025-03-08 03:22:25
dianaramirez@yahoo.com,active,newsletter,2024-09-14 12:44:46
dking@fusionworks.com,active,newsletter,2025-04-22 14:56:44
dmartin@sparkline.co,active,webinar-attendees;beta-testers;blog-updates,2024-06-05 13:43:57
ehill@hotmail.com,active,webinar-attendees;blog-updates,2024-05-27 09:24:47
ejackson@yahoo.com,active,webinar-attendees;beta-testers,2024-03-14 07:56:37
emoore@outlook.com,active,beta-testers;newsletter;product-news,2025-04-19 21:40:56
ethan.nelson24@novalabs.ai,active,webinar-attendees;newsletter,2024-09-13 16:48:12
ethan.white15@cloudhub.net,active,webinar-attendees,2024-07-18 19:04:12
ethanjones@pixelcraft.design,active,webinar-attendees;beta-testers;blog-updates,2025-05-04 17:52:52
ethompson@greenleaf.org,active,newsletter;webinar-attendees,2025-04-11 00:01:42
eva.allen60@protonmail.com,active,product-news;beta-testers,2024-09-17 04:34:21
eva.flores17@yahoo.com,unsubscribed,product-news;newsletter;beta-testers,2025-01-04 19:11:44
eva.mitchell@bluewave.tech,active,blog-updates;beta-testers;product-news,2024-07-27 01:33:15
eva.young@protonmail.com,unsubscribed,blog-updates;webinar-attendees,2025-02-12 13:40:42
evaflores@protonmail.com,active,newsletter;webinar-attendees,2025-01-17 15:31:34
fcollins@techcorp.com,active,product-news;beta-testers,2025-06-15 01:55:17
fiona.lee@protonmail.com,active,webinar-attendees;newsletter,2025-05-18 08:12:14
fiona.moore4@outlook.com,active,newsletter;blog-updates;beta-testers,2024-01-11 14:09:26
fmitchell@outlook.com,active,beta-testers;blog-updates;product-news,2024-08-12 19:42:53
frankcarter@fusionworks.com,unsubscribed,blog-updates;newsletter;product-news,2024-05-30 07:51:06
frankflores@gmail.com,active,product-news;blog-updates;webinar-attendees,2024-03-15 11:08:33
frankflores@hotmail.com,active,beta-testers;newsletter,2024-05-21 00:14:03
george.evans91@yahoo.com,active,product-news,2024-07-19 10:15:15
george.kim@outlook.com,active,beta-testers;blog-updates,2024-01-05 23:40:24
george.mitchell@protonmail.com,active,product-news;webinar-attendees,2024-04-13 14:49:21
george.ramirez@sparkline.co,active,webinar-attendees;beta-testers;product-news,2025-02-13 14:13:10
george.roberts92@yahoo.com,active,beta-testers;product-news;webinar-attendees,2025-06-19 09:38:54
georgecollins@outlook.com,active,beta-testers,2024-05-22 13:33:09
gflores@gmail.com,active,product-news;webinar-attendees,2025-02-22 02:10:46
gnguyen@hotmail.com,active,webinar-attendees,2024-03-14 02:22:48
graceking@bluewave.tech,active,newsletter;product-news;blog-updates,2024-12-22 21:45:40
graceparker@icloud.com,active,product-news;beta-testers,2024-02-23 14:50:39
gracestewart@hotmail.com,active,beta-testers;product-news;blog-updates,2024-02-13 05:57:51
gthomas@hotmail.com,unsubscribed,blog-updates,2025-05-09 11:20:58
hank.flores@yahoo.com,active,newsletter;beta-testers;product-news,2025-01-16 05:47:48
hank.kim@ironclad.dev,active,newsletter;product-news,2024-06-12 23:34:34
hankjackson@hotmail.com,active,newsletter,2024-05-05 11:28:47
hankramirez@fusionworks.com,active,beta-testers;newsletter,2025-01-30 09:44:37
hdavis@streamline.io,active,beta-testers;newsletter;product-news,2024-02-22 13:53:47
holly.martin@acme.io,active,beta-testers;newsletter;blog-updates,2025-03-07 02:20:10
holly.thomas53@icloud.com,bounced,blog-updates;webinar-attendees,2024-02-04 14:01:49
holly.turner@yahoo.com,active,newsletter;blog-updates,2024-09-19 18:01:57
hollyadams@hotmail.com,active,product-news;blog-updates;beta-testers,2025-03-08 16:25:00
hollyallen@yahoo.com,active,webinar-attendees;product-news;blog-updates,2024-06-20 00:21:59
hscott@outlook.com,active,newsletter,2024-01-15 09:29:08
hwhite@outlook.com,active,beta-testers;webinar-attendees;newsletter,2024-08-05 00:14:20
idavis@icloud.com,active,beta-testers;webinar-attendees,2024-04-26 04:00:57
iedwards@outlook.com,active,webinar-attendees;product-news,2025-06-16 16:51:49
iflores@brightside.co,active,newsletter;webinar-attendees;blog-updates,2024-05-23 15:33:27
ilee@brightside.co,active,product-news;webinar-attendees,2024-08-17 10:51:52
imorris@acme.io,active,product-news;beta-testers,2024-07-21 03:16:14
iris.stewart@icloud.com,unsubscribed,webinar-attendees;blog-updates,2025-06-21 11:30:28
irobinson@hotmail.com,active,newsletter;blog-updates;webinar-attendees,2024-04-12 01:12:43
iscott@hotmail.com,active,beta-testers,2024-12-24 15:42:35
ismith@yahoo.com,active,blog-updates;product-news,2024-10-12 07:22:20
jack.wilson@yahoo.com,active,webinar-attendees;blog-updates,2024-12-20 01:22:51
jkim@hotmail.com,active,blog-updates;product-news,2025-03-15 21:28:41
jturner@gmail.com,active,beta-testers;webinar-attendees;product-news,2025-04-08 20:59:29
julia.smith@gmail.com,active,webinar-attendees;blog-updates,2025-06-19 23:52:42
julia.white82@dataflow.dev,active,newsletter;blog-updates;webinar-attendees,2024-09-22 19:50:02
julia.wright61@ironclad.dev,active,product-news;newsletter,2025-06-15 09:46:59
karen.allen@yahoo.com,unsubscribed,blog-updates,2024-04-01 08:32:11
karen.jackson@gmail.com,active,beta-testers,2024-12-15 14:22:38
karen.walker34@outlook.com,active,blog-updates;newsletter,2025-01-07 01:37:12
klee@outlook.com,active,blog-updates;beta-testers;product-news,2024-05-15 01:53:02
kyle.white3@novalabs.ai,active,blog-updates;product-news,2025-05-23 13:00:58
kyleevans@protonmail.com,active,newsletter,2025-02-26 17:02:40
lena.campbell83@techcorp.com,active,newsletter;blog-updates,2024-04-25 01:03:52
lena.moore@icloud.com,unsubscribed,webinar-attendees,2024-12-24 00:56:22
lena.stewart@greenleaf.org,active,beta-testers;product-news,2024-03-25 15:27:13
lena.young66@yahoo.com,active,product-news,2024-12-06 16:30:33
lenaking@gmail.com,active,webinar-attendees,2024-05-23 18:29:37
lenawalker@cloudhub.net,active,beta-testers,2024-01-31 14:19:35
leomartinez@outlook.com,active,product-news;newsletter,2024-07-16 02:02:46
leoparker@gmail.com,active,webinar-attendees;blog-updates;beta-testers,2024-12-03 06:43:34
lyoung@outlook.com,active,newsletter;product-news;beta-testers,2024-11-08 16:54:16
marcus.king@hotmail.com,active,product-news,2024-03-11 00:07:52
marcusturner@novalabs.ai,active,newsletter,2024-07-13 09:22:57
mhernandez@novalabs.ai,unsubscribed,beta-testers;product-news,2025-02-12 21:44:15
mhill@outlook.com,active,blog-updates,2025-01-15 12:38:01
miaallen@greenleaf.org,active,blog-updates;product-news,2024-12-23 00:48:44
mstewart@hotmail.com,active,blog-updates;product-news;webinar-attendees,2024-12-04 09:00:08
ninastewart@yahoo.com,active,blog-updates,2024-01-24 13:21:47
nnguyen@protonmail.com,active,beta-testers;newsletter;webinar-attendees,2024-10-04 13:20:01
noah.scott36@outlook.com,active,blog-updates;beta-testers,2024-08-03 17:33:50
obrown@bluewave.tech,active,blog-updates;newsletter;webinar-attendees,2025-02-12 07:21:25
ojackson@gmail.com,active,newsletter;beta-testers;blog-updates,2024-02-01 19:57:48
olivia.clark@techcorp.com,active,blog-updates;product-news;newsletter,2024-01-12 15:48:27
olivia.lee@greenleaf.org,active,blog-updates,2024-02-06 21:13:51
olivia.morris96@hotmail.com,active,newsletter;blog-updates;webinar-attendees,2025-02-25 02:08:12
olivia.stewart@gmail.com,active,webinar-attendees;product-news;beta-testers,2025-04-06 06:58:01
oliviakim@cloudhub.net,active,newsletter;beta-testers;webinar-attendees,2024-04-17 06:02:38
oliviaphillips@hotmail.com,active,product-news,2025-02-06 11:07:08
omoore@yahoo.com,active,webinar-attendees,2024-04-09 19:12:26
oroberts@ironclad.dev,active,beta-testers;blog-updates;newsletter,2025-05-16 20:02:41
orobinson@hotmail.com,active,newsletter;blog-updates,2024-06-03 00:49:44
oscar.evans13@hotmail.com,active,product-news,2025-02-10 14:52:15
oscardavis@hotmail.com,active,product-news,2024-11-10 10:31:15
oscarwright@brightside.co,active,product-news,2024-02-24 00:57:56
pallen@gmail.com,unsubscribed,webinar-attendees;blog-updates;product-news,2024-04-20 11:34:31
paulthompson@protonmail.com,active,blog-updates;webinar-attendees;beta-testers,2024-03-27 22:27:02
paulwilson@gmail.com,active,blog-updates;product-news,2024-08-29 06:08:14
pkim@streamline.io,active,product-news;beta-testers;blog-updates,2025-04-02 19:56:13
qhernandez@cloudhub.net,active,blog-updates;newsletter;webinar-attendees,2024-12-09 17:29:51
quinn.flores36@icloud.com,active,beta-testers,2024-04-09 00:30:54
quinn.nguyen@icloud.com,active,blog-updates;newsletter;product-news,2024-04-08 05:16:06
reed.brown@dataflow.dev,active,newsletter,2025-05-11 06:31:44
reed.hernandez@fusionworks.com,active,beta-testers;blog-updates;product-news,2024-06-28 06:38:49
reed.king@outlook.com,active,blog-updates,2024-04-30 12:21:04
reed.martin88@yahoo.com,active,newsletter;blog-updates,2025-04-24 15:58:54
rosa.anderson@techcorp.com,active,blog-updates;product-news;newsletter,2025-03-29 09:05:03
rosa.kim45@novalabs.ai,active,beta-testers;blog-updates;product-news,2024-06-05 03:49:45
rosa.parker@cloudhub.net,active,beta-testers;newsletter,2025-03-12 21:18:53
rosa.smith@icloud.com,active,beta-testers;product-news;webinar-attendees,2024-05-15 19:15:23
rosa.turner17@protonmail.com,active,blog-updates;newsletter,2024-04-10 11:02:26
rosalopez@gmail.com,active,beta-testers;webinar-attendees,2024-09-21 23:23:56
sam.davis22@hotmail.com,active,beta-testers;product-news,2024-05-11 10:25:42
sam.king72@ironclad.dev,active,blog-updates;product-news;newsletter,2025-06-20 16:39:41
sam.walker@hotmail.com,active,webinar-attendees,2025-03-11 00:50:23
sam.wright@streamline.io,active,newsletter;beta-testers;blog-updates,2025-01-03 23:50:31
samharris@dataflow.dev,active,newsletter;beta-testers;webinar-attendees,2024-12-15 22:24:18
sammartin@bluewave.tech,active,newsletter;product-news,2024-09-08 20:25:09
sasha.robinson@icloud.com,active,newsletter;beta-testers,2024-07-15 13:33:07
sashamoore@sparkline.co,active,blog-updates;newsletter,2024-10-01 19:37:33
shernandez@protonmail.com,active,beta-testers;webinar-attendees;newsletter,2025-03-17 00:19:31
shill@gmail.com,active,webinar-attendees;beta-testers;product-news,2024-04-14 14:56:40
shill@outlook.com,active,product-news,2024-01-21 14:29:47
tina.campbell@fusionworks.com,active,beta-testers,2024-01-09 09:21:46
tinacampbell@greenleaf.org,active,webinar-attendees;beta-testers,2024-11-03 11:45:40
tturner@outlook.com,active,blog-updates;product-news;beta-testers,2024-05-24 08:08:08
tyler.baker@outlook.com,active,beta-testers;product-news,2024-08-11 05:30:21
tyler.morris@icloud.com,active,beta-testers;newsletter;webinar-attendees,2024-12-01 05:24:18
tyler.robinson32@gmail.com,active,blog-updates;product-news;newsletter,2025-03-03 18:39:34
ukim@yahoo.com,active,product-news;beta-testers,2025-06-29 03:28:24
uma.campbell91@outlook.com,unsubscribed,beta-testers;webinar-attendees;blog-updates,2025-03-02 09:53:01
umadavis@sparkline.co,active,product-news;blog-updates;newsletter,2024-03-31 10:05:55
ursula.clark34@icloud.com,unsubscribed,blog-updates;webinar-attendees;product-news,2024-03-14 18:32:44
ursulawalker@icloud.com,active,webinar-attendees;product-news,2024-04-12 04:26:44
utaylor@hotmail.com,unsubscribed,beta-testers,2025-01-02 20:08:15
vcarter@bluewave.tech,active,beta-testers;newsletter,2024-08-04 18:53:07
vera.harris@fusionworks.com,active,newsletter;beta-testers;product-news,2024-02-12 13:15:54
vera.turner@outlook.com,bounced,blog-updates;beta-testers,2024-09-02 06:21:39
veraclark@techcorp.com,active,beta-testers;newsletter,2025-02-28 11:17:36
vic.harris43@dataflow.dev,unsubscribed,newsletter;product-news,2025-05-04 12:02:53
vic.taylor@novalabs.ai,active,beta-testers;newsletter;blog-updates,2025-03-04 19:00:10
victurner@greenleaf.org,active,blog-updates,2024-07-31 10:48:52
wade.stewart@yahoo.com,active,newsletter,2024-03-14 02:24:15
wade.wright@outlook.com,active,webinar-attendees;beta-testers,2025-01-09 11:45:14
wadeharris@protonmail.com,active,webinar-attendees;product-news;newsletter,2024-05-23 07:10:28
wadeking@outlook.com,unsubscribed,product-news;webinar-attendees;blog-updates,2025-06-06 08:43:09
wadephillips@techcorp.com,active,webinar-attendees,2024-03-07 14:11:03
wendy.moore@sparkline.co,active,product-news,2024-02-19 05:56:28
xander.mitchell@outlook.com,active,blog-updates;webinar-attendees,2025-02-04 21:49:15
xander.white79@gmail.com,active,webinar-attendees;newsletter;beta-testers,2024-07-14 10:45:07
xcampbell@gmail.com,active,newsletter,2024-04-02 12:54:13
ximena.flores99@dataflow.dev,active,webinar-attendees,2024-04-07 12:52:58
ximena.hernandez@novalabs.ai,active,beta-testers,2024-02-09 12:32:44
ximena.martin1@gmail.com,unsubscribed,webinar-attendees;beta-testers,2024-12-04 06:08:05
ximena.wright65@ironclad.dev,active,beta-testers,2024-04-22 21:37:37
ximenajones@brightside.co,active,blog-updates;product-news,2025-01-25 08:32:50
ximenamorris@sparkline.co,active,beta-testers,2025-02-13 01:26:34
ximenatorres@fusionworks.com,active,newsletter,2025-02-03 00:15:49
xking@icloud.com,unsubscribed,product-news;blog-updates,2024-06-03 15:55:35
ygreen@outlook.com,active,blog-updates;webinar-attendees,2025-04-22 15:41:51
zach.stewart@gmail.com,active,webinar-attendees,2025-01-08 13:15:15
zach.thompson@gmail.com,active,newsletter;blog-updates;product-news,2024-07-14 20:56:59
zach.turner67@streamline.io,active,beta-testers,2025-03-06 20:56:24
zallen@cloudhub.net,active,webinar-attendees;newsletter,2024-07-12 21:20:55
zwilson@novalabs.ai,active,product-news;beta-testers,2024-04-25 01:41:57
